133 - LIC. EN ADMINISTRACIÃ“N AGROPECUARIA,,,,,,,
#REF!,#REF!,#REF!,#REF!,#REF!,#REF!,#REF!,#REF!
#REF!,#REF!,#REF!,#REF!,#REF!,#REF!,#REF!,#REF!
#REF!,#REF!,#REF!,#REF!,#REF!,#REF!,#REF!,#REF!
#REF!,#REF!,#REF!,#REF!,#REF!,#REF!,#REF!,#REF!
#REF!,#REF!,#REF!,#REF!,#REF!,#REF!,#REF!,#REF!
#REF!,#REF!,#REF!,#REF!,#REF!,#REF!,#REF!,#REF!
#REF!,#REF!,#REF!,#REF!,#REF!,#REF!,#REF!,#REF!
#REF!,#REF!,#REF!,#REF!,#REF!,#REF!,#REF!,#REF!
#REF!,#REF!,#REF!,#REF!,#REF!,#REF!,#REF!,#REF!
#REF!,#REF!,#REF!,#REF!,#REF!,#REF!,#REF!,#REF!
#REF!,#REF!,#REF!,#REF!,#REF!,#REF!,#REF!,#REF!
#REF!,#REF!,#REF!,#REF!,#REF!,#REF!,#REF!,#REF!
#REF!,#REF!,#REF!,#REF!,#REF!,#REF!,#REF!,#REF!
#REF!,#REF!,#REF!,#REF!,#REF!,#REF!,#REF!,#REF!
#REF!,#REF!,#REF!,#REF!,#REF!,#REF!,#REF!,#REF!
#REF!,#REF!,#REF!,#REF!,#REF!,#REF!,#REF!,#REF!
#REF!,#REF!,#REF!,#REF!,#REF!,#REF!,#REF!,#REF!
#REF!,#REF!,#REF!,#REF!,#REF!,#REF!,#REF!,#REF!
#REF!,#REF!,#REF!,#REF!,#REF!,#REF!,#REF!,#REF!
#REF!,#REF!,#REF!,#REF!,#REF!,#REF!,#REF!,#REF!
#REF!,#REF!,#REF!,#REF!,#REF!,#REF!,#REF!,#REF!
#REF!,#REF!,#REF!,#REF!,#REF!,#REF!,#REF!,#REF!
#REF!,#REF!,#REF!,#REF!,#REF!,#REF!,#REF!,#REF!
#REF!,#REF!,#REF!,#REF!,#REF!,#REF!,#REF!,#REF!
#REF!,#REF!,#REF!,#REF!,#REF!,#REF!,#REF!,#REF!
#REF!,#REF!,#REF!,#REF!,#REF!,#REF!,#REF!,#REF!
#REF!,#REF!,#REF!,#REF!,#REF!,#REF!,#REF!,#REF!
#REF!,#REF!,#REF!,#REF!,#REF!,#REF!,#REF!,#REF!
#REF!,#REF!,#REF!,#REF!,#REF!,#REF!,#REF!,#REF!
#REF!,#REF!,#REF!,#REF!,#REF!,#REF!,#REF!,#REF!
#REF!,#REF!,#REF!,#REF!,#REF!,#REF!,#REF!,#REF!
#REF!,#REF!,#REF!,#REF!,#REF!,#REF!,#REF!,#REF!
#REF!,#REF!,#REF!,#REF!,#REF!,#REF!,#REF!,#REF!
#REF!,#REF!,#REF!,#REF!,#REF!,#REF!,#REF!,#REF!
#REF!,#REF!,#REF!,#REF!,#REF!,#REF!,#REF!,#REF!
#REF!,#REF!,#REF!,#REF!,#REF!,#REF!,#REF!,#REF!
#REF!,#REF!,#REF!,#REF!,#REF!,#REF!,#REF!,#REF!
#REF!,#REF!,#REF!,#REF!,#REF!,#REF!,#REF!,#REF!
#REF!,#REF!,#REF!,#REF!,#REF!,#REF!,#REF!,#REF!
#REF!,#REF!,#REF!,#REF!,#REF!,#REF!,#REF!,#REF!
#REF!,#REF!,#REF!,#REF!,#REF!,#REF!,#REF!,#REF!
#REF!,#REF!,#REF!,#REF!,#REF!,#REF!,#REF!,#REF!
#REF!,#REF!,#REF!,#REF!,#REF!,#REF!,#REF!,#REF!
#REF!,#REF!,#REF!,#REF!,#REF!,#REF!,#REF!,#REF!
#REF!,#REF!,#REF!,#REF!,#REF!,#REF!,#REF!,#REF!
#REF!,#REF!,#REF!,#REF!,#REF!,#REF!,#REF!,#REF!
#REF!,#REF!,#REF!,#REF!,#REF!,#REF!,#REF!,#REF!
#REF!,#REF!,#REF!,#REF!,#REF!,#REF!,#REF!,#REF!
#REF!,#REF!,#REF!,#REF!,#REF!,#REF!,#REF!,#REF!
#REF!,#REF!,#REF!,#REF!,#REF!,#REF!,#REF!,#REF!
#REF!,#REF!,#REF!,#REF!,#REF!,#REF!,#REF!,#REF!
#REF!,#REF!,#REF!,#REF!,#REF!,#REF!,#REF!,#REF!